company_name,slug,industry,hq_state,website
"(Data center pipeline)","data-center-pipeline","Tech","South Dakota",
"2510 Good Hope LLC","2510-good-hope-llc","Construction","Wisconsin",
"AeroVironment","aerovironment","Defense","Utah",
"ALUKO Group","aluko-group","General Manufacturing","",
"AmeriLux International, LLC","amerilux-international-llc","General Manufacturing","Wisconsin",
"Anatolia Cabinet","anatolia-cabinet","General Manufacturing","Tennessee",
"Anchor","anchor","Defense","Virginia",
"Apple/Corning","apple-corning","Tech","Kentucky",
"Aqua Membranes","aqua-membranes","General Manufacturing","Tennessee",
"Ariat International","ariat-international","Consumer Products","Texas",
"Balcan USA Inc.","balcan-usa-inc","General Manufacturing","Wisconsin",
"Belmark Inc","belmark-inc","General Manufacturing","Wisconsin",
"Biederman","biederman","General Manufacturing","",
"Big Lift LLC","big-lift-llc","General Manufacturing","Wisconsin",
"Bionova","bionova","Life Sciences","Texas",
"BMK Pharma","bmk-pharma","Life Sciences","Texas",
"Brearly Street Property Group LLC","brearly-street-property-group-llc","Construction","Wisconsin",
"California Jobs First","california-jobs-first","General Manufacturing","California",
"Calpine","calpine","General Manufacturing","West Virginia",
"Cancoil USA","cancoil-usa","General Manufacturing","",
"Carlex Glass America","carlex-glass-america","General Manufacturing","Tennessee",
"Catalent","catalent","Life Sciences","Wisconsin",
"Catalent Pharma Solutions, LLC","catalent-pharma-solutions-llc","General Manufacturing","Wisconsin",
"CDF Distributors","cdf-distributors","General Manufacturing","Tennessee",
"Children's Museum of Rock County, Inc.","children-s-museum-of-rock-county-inc","Consumer Products","Wisconsin",
"ContiTech USA","contitech-usa","Chemicals","Iowa",
"Couleecap, Inc.","couleecap-inc","Construction","Wisconsin",
"DDP Specialty Electronic Materials","ddp-specialty-electronic-materials","Chemicals","Michigan",
"Degas, LLC","degas-llc","General Manufacturing","Wisconsin",
"Derse, Inc","derse-inc","General Manufacturing","Wisconsin",
"Dynamic Ratings, Inc.","dynamic-ratings-inc","General Manufacturing","Wisconsin",
"E-Space","e-space","Space","Texas",
"E-Space Inc","e-space-inc","Space","Texas",
"Edgerton, City of","edgerton-city-of","Construction","Wisconsin",
"Edwards Lifesciences","edwards-lifesciences","Life Sciences","Utah",
"Ferrovial","ferrovial","Energy","",
"Fervo Energy","fervo-energy","Energy","Utah",
"FIT Investment Group, LLC","fit-investment-group-llc","Construction","Wisconsin",
"Formosa Plastics","formosa-plastics","Chemicals","",
"Four South Blair, LLC","four-south-blair-llc","Construction","Wisconsin",
"Frontieras North America","frontieras-north-america","General Manufacturing","West Virginia",
"Gattefossé","gattefoss","Life Sciences","",
"GCP Paper","gcp-paper","General Manufacturing","Texas",
"Gerdau","gerdau","General Manufacturing","",
"Heil Trailer International","heil-trailer-international","General Manufacturing","Tennessee",
"Hennessey","hennessey","Automotive","Texas",
"Holtec/Hi Tech Solutions","holtec-hi-tech-solutions","Energy","Utah",
"Impact Confections, Inc","impact-confections-inc","General Manufacturing","Wisconsin",
"Impact Seven, Inc.","impact-seven-inc","Healthcare","Wisconsin",
"Infinity Global","infinity-global","General Manufacturing","Virginia",
"Innovative Labs","innovative-labs","Life Sciences","Utah",
"Integrated Rail & Resources","integrated-rail-resources","Transportation","Utah",
"Ionic Mineral Technologies","ionic-mineral-technologies","Energy","Utah",
"Kenosha Downtown Block I LLC","kenosha-downtown-block-i-llc","Construction","Wisconsin",
"Kin at Freshwater LLC","kin-at-freshwater-llc","Construction","Wisconsin",
"Kitchen Fresh Foods LLC","kitchen-fresh-foods-llc","General Manufacturing","Wisconsin",
"Korea Zinc","korea-zinc","Metals & Materials","",
"La Crosse, City of","la-crosse-city-of","Government","Wisconsin",
"LAG Family LLC","lag-family-llc","General Manufacturing","Wisconsin",
"Lefko","lefko","General Manufacturing","",
"Legacy Port Huron Paper","legacy-port-huron-paper","General Manufacturing","Michigan",
"LIS Technologies","lis-technologies","Energy","Tennessee",
"Lollicup USA","lollicup-usa","General Manufacturing","Texas",
"MCIS","mcis","Tech","South Carolina",
"MCM Engineering II","mcm-engineering-ii","Energy","Utah",
"Microtex Composites","microtex-composites","General Manufacturing","",
"Milwaukee Tool","milwaukee-tool","General Manufacturing","Wisconsin",
"New Richmond, City of","new-richmond-city-of","Construction","Wisconsin",
"Nidec","nidec","General Manufacturing","",
"NNA Polymers","nna-polymers","Chemicals","Texas",
"NOVA GB SPE LLC","nova-gb-spe-llc","Construction","Wisconsin",
"NTxBio","ntxbio","Life Sciences","Texas",
"Nucor","nucor","Metals & Materials","Utah",
"Oshkosh, City of","oshkosh-city-of","Healthcare","Wisconsin",
"Pipe & Steel Industrial","pipe-steel-industrial","General Manufacturing","Louisiana",
"Project Captain (Food)","project-captain-food","Food & Beverage","",
"Project Caraway","project-caraway","Tech","Colorado",
"Project Rey/Oxygen (Semis)","project-rey-oxygen-semis","Semiconductors","",
"PS Seasoning & Spices, Inc.","ps-seasoning-spices-inc","General Manufacturing","Wisconsin",
"Reinhart FoodService, LLC","reinhart-foodservice-llc","General Manufacturing","Wisconsin",
"Rowan Digital","rowan-digital","Tech","Texas",
"Rowan Digital Infrastructure","rowan-digital-infrastructure","Tech","Texas",
"Schutz Container Systems, Inc.","schutz-container-systems-inc","General Manufacturing","Wisconsin",
"Select Water/Mariana Minerals","select-water-mariana-minerals","Energy","Texas",
"Solstice Advanced Materials","solstice-advanced-materials","General Manufacturing","Virginia",
"South Milwaukee, City of","south-milwaukee-city-of","Government","Wisconsin",
"Stanpac USA LLC","stanpac-usa-llc","General Manufacturing","Wisconsin",
"Stellantis","stellantis","Automotive","",
"Sweetwater","sweetwater","Logistics","Indiana",
"Swiss-Tech LLC","swiss-tech-llc","General Manufacturing","Wisconsin",
"Triangle Manufacturing Company","triangle-manufacturing-company","General Manufacturing","Wisconsin",
"Tubefab","tubefab","General Manufacturing","Texas",
"Urnex Brands, LLC","urnex-brands-llc","General Manufacturing","Wisconsin",
"USV 222, LLC","usv-222-llc","Construction","Wisconsin",
"Vantage Data Centers","vantage-data-centers","Tech","Texas",
"Various AI Data Centers","various-ai-data-centers","Tech","Nevada",
"WHPC-Regent Street-Madison, LLC","whpc-regent-street-madison-llc","Construction","Wisconsin",
"Wixon, Inc.","wixon-inc","General Manufacturing","Wisconsin",
"Worthington Cylinders Wisconsin, LLC","worthington-cylinders-wisconsin-llc","General Manufacturing","Wisconsin",
"XeteX, LLC","xetex-llc","General Manufacturing","Wisconsin",